path	sha256
client/src/main.ts	b69a728d1bb9a6ffda32f225e6883a9968ef44f5fc095e2f8ee09e13b0566706
client/src/router/index.ts	958529b9f79fdafd38c1935a4664fd41cfa7c1827d872fc21b496d6ad9cf164a
client/src/stores/actionStore.ts	7598f44c9b231fc023ada16696892c23273c4884eb2cbc667c145620bd7ed1cd
client/src/stores/chatStore.ts	3b58597a594bd9722137635febe22d13ac79350a0cac7ab9d27762f8ed354dfc
client/src/stores/user.ts	bfb5a2f05e218845e6d4dcbd4bd00587d7fa4a880391203f88e41472955b0858
db/init.sql	e1dcca5169bc218376dc7c8bd3f57695772e6387db20650aeaef33a4e2da13d9
db/migrations/001_convert_to_utc.sql	80f383c6b881aff38176b09976504a8332ab7136d6c9144d139c9d8053ec625a
server/controllers/authController.ts	c498226ec2a3a2dc3e26f62951bc03e830aabbc07ca906e7fc5bc32bb2c389f8
server/controllers/chatController.ts	628cdfd49200fe2237482fcc54671930ebf138d932368d528e1ff123926cf460
server/controllers/feedController.ts	42bd468f10401a212ca3b86da755b8b0dfdfb6ca25d26439182027e265f8a68c
server/controllers/geoController.ts	b4f6864d89259938a4ebd6735f1316d7e10872c812981753f1abd0fe8117e946
server/controllers/userController.ts	7708242b721f2451d9905920bc3482d8aa8b05367cfbefd19df7c04f25c75416
server/index.ts	5940d673c75a87ebdcc1693cb8d721caff1cef3698a628b444690ec3acb30d8b
